Symbol,Category,MarketCap_Cr,AsOfDate
NSE:360ONE,Mid,46654.9047296,2026-07-07
NSE:3MINDIA,Mid,39489.7031168,2026-07-07
NSE:AADHARHFC,Small,23782.391808,2026-07-07
NSE:AARTIIND,Small,17336.5231616,2026-07-07
NSE:AAVAS,Small,11921.711104,2026-07-07
NSE:ABB,Large,146841.9014656,2026-07-07
NSE:ABBOTINDIA,Mid,56629.3889024,2026-07-07
NSE:ABCAPITAL,Mid,111268.528128,2026-07-07
NSE:ABDL,Small,19140.5654016,2026-07-07
NSE:ABFRL,Small,7267.8105088,2026-07-07
NSE:ABLBL,Small,11529.3454336,2026-07-07
NSE:ABREL,Small,15514.0702208,2026-07-07
NSE:ABSLAMC,Small,33512.9018368,2026-07-07
NSE:ACC,Small,26115.5733504,2026-07-07
NSE:ACE,Small,11816.3136512,2026-07-07
NSE:ACMESOLAR,Small,25786.7022336,2026-07-07
NSE:ACUTAAS,Small,27830.4489472,2026-07-07
NSE:ADANIENSOL,Large,196866.21184,2026-07-07
NSE:ADANIENT,Large,431037.3236736,2026-07-07
NSE:ADANIGREEN,Large,251194.376192,2026-07-07
NSE:ADANIPORTS,Large,429964.8139264,2026-07-07
NSE:ADANIPOWER,Large,417880.0541696,2026-07-07
NSE:AEGISLOG,Mid,46844.4577792,2026-07-07
NSE:AEGISVOPAK,Small,30556.1894912,2026-07-07
NSE:AFCONS,Small,11393.9677184,2026-07-07
NSE:AFFLE,Small,20437.8947584,2026-07-07
NSE:AIAENG,Mid,44275.8496256,2026-07-07
NSE:AIIL,Mid,43930.4323072,2026-07-07
NSE:AJANTPHARM,Mid,41368.682496,2026-07-07
NSE:ALKEM,Mid,67721.6190464,2026-07-07
NSE:AMBER,Small,26944.5742592,2026-07-07
NSE:AMBUJACEM,Mid,108984.0807936,2026-07-07
NSE:ANANDRATHI,Small,33754.529792,2026-07-07
NSE:ANANTRAJ,Small,19397.3665792,2026-07-07
NSE:ANGELONE,Small,30566.3442944,2026-07-07
NSE:ANTHEM,Mid,43232.3067904,2026-07-07
NSE:ANURAS,Small,14408.6417408,2026-07-07
NSE:APARINDS,Mid,58067.8385664,2026-07-07
NSE:APLAPOLLO,Mid,50506.0622336,2026-07-07
NSE:APOLLOHOSP,Large,126753.3611008,2026-07-07
NSE:APOLLOTYRE,Small,29022.830592,2026-07-07
NSE:APTUS,Small,14395.2871424,2026-07-07
NSE:ARE&M,Small,15441.8495488,2026-07-07
NSE:ASAHIINDIA,Small,22232.1999872,2026-07-07
NSE:ASHOKLEY,Mid,96260.7316992,2026-07-07
NSE:ASIANPAINT,Large,262361.7630208,2026-07-07
NSE:ASTERDM,Mid,40758.0868608,2026-07-07
NSE:ASTRAL,Mid,36617.0177536,2026-07-07
NSE:ATGL,Mid,78647.4139648,2026-07-07
NSE:ATHERENERG,Mid,44072.9862144,2026-07-07
NSE:ATUL,Small,18864.8046592,2026-07-07
NSE:AUBANK,Mid,80261.480448,2026-07-07
NSE:AUROPHARMA,Mid,91128.3585024,2026-07-07
NSE:AWL,Small,24208.8722432,2026-07-07
NSE:AXISBANK,Large,418368.5595136,2026-07-07
NSE:BAJAJ-AUTO,Large,281882.9451264,2026-07-07
NSE:BAJAJFINSV,Large,302213.9686912,2026-07-07
NSE:BAJAJHFL,Mid,73875.226624,2026-07-07
NSE:BAJAJHLDNG,Large,119440.1988608,2026-07-07
NSE:BAJFINANCE,Large,643550.2030848,2026-07-07
NSE:BALKRISIND,Mid,43649.0862592,2026-07-07
NSE:BALRAMCHIN,Small,12043.2861184,2026-07-07
NSE:BANDHANBNK,Small,33188.2070016,2026-07-07
NSE:BANKBARODA,Large,127784.3603456,2026-07-07
NSE:BANKINDIA,Mid,64597.7997312,2026-07-07
NSE:BATAINDIA,Small,8825.3431808,2026-07-07
NSE:BAYERCROP,Small,18505.3560832,2026-07-07
NSE:BBTC,Small,10710.6844672,2026-07-07
NSE:BDL,Mid,50845.8827776,2026-07-07
NSE:BEL,Large,306681.7675264,2026-07-07
NSE:BELRISE,Small,20518.8333568,2026-07-07
NSE:BEML,Small,15221.8976256,2026-07-07
NSE:BERGEPAINT,Mid,59460.3147264,2026-07-07
NSE:BHARATFORG,Mid,100479.8869504,2026-07-07
NSE:BHARTIARTL,Large,1203998.6610176,2026-07-07
NSE:BHARTIHEXA,Mid,74410.000384,2026-07-07
NSE:BHEL,Large,131064.856576,2026-07-07
NSE:BIKAJI,Small,16172.4973056,2026-07-07
NSE:BIOCON,Mid,67916.136448,2026-07-07
NSE:BLS,Small,10240.7315456,2026-07-07
NSE:BLUEDART,Small,11651.8395904,2026-07-07
NSE:BLUEJET,Small,9883.1925248,2026-07-07
NSE:BLUESTARCO,Small,32917.438464,2026-07-07
NSE:BOSCHLTD,Large,123382.1892608,2026-07-07
NSE:BPCL,Large,132856.0340992,2026-07-07
NSE:BRIGADE,Small,16944.1345536,2026-07-07
NSE:BRITANNIA,Large,130683.0831616,2026-07-07
NSE:BSE,Large,148147.7718016,2026-07-07
NSE:BSOFT,Small,7853.3902336,2026-07-07
NSE:CAMS,Small,19203.6012032,2026-07-07
NSE:CANBK,Large,113374.068736,2026-07-07
NSE:CANFINHOME,Small,12067.1346688,2026-07-07
NSE:CANHLIFE,Small,13487.4488832,2026-07-07
NSE:CAPLIPOINT,Small,19442.2718464,2026-07-07
NSE:CARBORUNIV,Small,20919.9955968,2026-07-07
NSE:CARTRADE,Small,13229.8653696,2026-07-07
NSE:CASTROLIND,Small,18239.4159104,2026-07-07
NSE:CCL,Small,15807.2537088,2026-07-07
NSE:CDSL,Small,28187.8298624,2026-07-07
NSE:CEATLTD,Small,15897.3820928,2026-07-07
NSE:CEMPRO,Small,25202.9566976,2026-07-07
NSE:CENTRALBK,Small,29263.1805952,2026-07-07
NSE:CESC,Small,22223.1871488,2026-07-07
NSE:CGCL,Small,22809.7851392,2026-07-07
NSE:CGPOWER,Large,143480.5993472,2026-07-07
NSE:CHALET,Small,17917.0050048,2026-07-07
NSE:CHAMBLFERT,Small,18670.3970304,2026-07-07
NSE:CHENNPETRO,Small,16235.8099968,2026-07-07
NSE:CHOICEIN,Small,17350.9476352,2026-07-07
NSE:CHOLAFIN,Large,157464.2253824,2026-07-07
NSE:CHOLAHLDNG,Small,31987.8889472,2026-07-07
NSE:CIEINDIA,Small,17750.3649792,2026-07-07
NSE:CIPLA,Large,118203.9277568,2026-07-07
NSE:CLEAN,Small,8331.4868224,2026-07-07
NSE:COALINDIA,Large,263918.845952,2026-07-07
NSE:COCHINSHIP,Mid,38280.8850432,2026-07-07
NSE:COFORGE,Mid,66682.519552,2026-07-07
NSE:COHANCE,Small,17233.87904,2026-07-07
NSE:COLPAL,Mid,56290.148352,2026-07-07
NSE:CONCOR,Mid,36283.4788352,2026-07-07
NSE:CONCORDBIO,Small,13206.7500032,2026-07-07
NSE:COROMANDEL,Mid,60704.5943296,2026-07-07
NSE:CPPLUS,Mid,41601.2238848,2026-07-07
NSE:CRAFTSMAN,Small,23822.7636224,2026-07-07
NSE:CREDITACC,Small,24899.2694272,2026-07-07
NSE:CRISIL,Small,28865.1476992,2026-07-07
NSE:CROMPTON,Small,17464.1348608,2026-07-07
NSE:CUB,Small,22913.9382272,2026-07-07
NSE:CUMMINSIND,Large,151489.806336,2026-07-07
NSE:CYIENT,Small,9380.0873984,2026-07-07
NSE:DABUR,Mid,80005.2543488,2026-07-07
NSE:DALBHARAT,Small,33522.7322368,2026-07-07
NSE:DATAPATTNS,Small,24548.9696768,2026-07-07
NSE:DCMSHRIRAM,Small,16209.338368,2026-07-07
NSE:DEEPAKFERT,Small,19992.2581504,2026-07-07
NSE:DEEPAKNTR,Small,21891.0834688,2026-07-07
NSE:DELHIVERY,Mid,38775.3541632,2026-07-07
NSE:DEVYANI,Small,14187.43808,2026-07-07
NSE:DIVISLAB,Large,180067.3296384,2026-07-07
NSE:DIXON,Mid,79984.88576,2026-07-07
NSE:DLF,Large,162405.1941376,2026-07-07
NSE:DMART,Large,265464.1061888,2026-07-07
NSE:DOMS,Small,14009.294848,2026-07-07
NSE:DRREDDY,Large,113714.9083648,2026-07-07
NSE:ECLERX,Small,13828.636672,2026-07-07
NSE:EICHERMOT,Large,207849.5342592,2026-07-07
NSE:EIDPARRY,Small,13508.616192,2026-07-07
NSE:EIHOTEL,Small,20949.6997888,2026-07-07
NSE:ELECON,Small,11489.2767232,2026-07-07
NSE:ELGIEQUIP,Small,18693.8195968,2026-07-07
NSE:EMAMILTD,Small,18204.2312704,2026-07-07
NSE:EMCURE,Small,34629.9039744,2026-07-07
NSE:EMMVEE,Small,22875.078656,2026-07-07
NSE:ENDURANCE,Mid,37440.2285568,2026-07-07
NSE:ENGINERSIN,Small,13504.753664,2026-07-07
NSE:ENRIN,Large,120724.84864,2026-07-07
NSE:ERIS,Small,19887.398912,2026-07-07
NSE:ESCORTS,Small,32623.1228416,2026-07-07
NSE:ETERNAL,Large,265059.8801408,2026-07-07
NSE:EXIDEIND,Small,34867.0001152,2026-07-07
NSE:FACT,Mid,56091.4366464,2026-07-07
NSE:FEDERALBNK,Mid,81212.8862208,2026-07-07
NSE:FINCABLES,Small,16248.2765824,2026-07-07
NSE:FIRSTCRY,Small,10336.210944,2026-07-07
NSE:FIVESTAR,Small,16217.6270336,2026-07-07
NSE:FLUOROCHEM,Mid,42573.4668288,2026-07-07
NSE:FORCEMOT,Small,24547.3755136,2026-07-07
NSE:FORTIS,Mid,73778.2857728,2026-07-07
NSE:FSL,Small,17000.9788416,2026-07-07
NSE:GABRIEL,Small,22433.775616,2026-07-07
NSE:GAIL,Large,114511.5901952,2026-07-07
NSE:GALLANTT,Small,16177.8876416,2026-07-07
NSE:GESHIP,Small,19803.234304,2026-07-07
NSE:GICRE,Mid,63096.9925632,2026-07-07
NSE:GILLETTE,Small,25579.3938432,2026-07-07
NSE:GLAND,Mid,41343.844352,2026-07-07
NSE:GLAXO,Mid,40532.0892416,2026-07-07
NSE:GLENMARK,Mid,63447.2103936,2026-07-07
NSE:GMDCLTD,Small,18682.4998912,2026-07-07
NSE:GMRAIRPORT,Large,121301.5130112,2026-07-07
NSE:GODFRYPHLP,Small,33118.0474368,2026-07-07
NSE:GODIGIT,Small,28652.9028096,2026-07-07
NSE:GODREJCP,Large,112195.1547392,2026-07-07
NSE:GODREJIND,Mid,40964.4531712,2026-07-07
NSE:GODREJPROP,Mid,61148.8694272,2026-07-07
NSE:GPIL,Small,16329.9950592,2026-07-07
NSE:GRANULES,Small,21285.756928,2026-07-07
NSE:GRAPHITE,Small,11762.5880576,2026-07-07
NSE:GRASIM,Large,217198.4019456,2026-07-07
NSE:GRAVITA,Small,12737.7195008,2026-07-07
NSE:GROWW,Large,119837.9761664,2026-07-07
NSE:GRSE,Small,30860.3092992,2026-07-07
NSE:GVT&D,Large,113213.5317504,2026-07-07
NSE:HAL,Large,293672.4783104,2026-07-07
NSE:HAVELLS,Mid,75979.620352,2026-07-07
NSE:HBLENGINE,Small,21790.294016,2026-07-07
NSE:HCLTECH,Large,316331.1833088,2026-07-07
NSE:HDBFS,Mid,60980.4746752,2026-07-07
NSE:HDFCAMC,Large,118706.9427712,2026-07-07
NSE:HDFCBANK,Large,1278994.3894016,2026-07-07
NSE:HDFCLIFE,Large,124267.2791552,2026-07-07
NSE:HEG,Small,10302.1051904,2026-07-07
NSE:HEROMOTOCO,Mid,99916.4084224,2026-07-07
NSE:HEXT,Small,32788.7945728,2026-07-07
NSE:HFCL,Small,33387.2922624,2026-07-07
NSE:HINDALCO,Large,215654.6097152,2026-07-07
NSE:HINDCOPPER,Mid,47911.2036352,2026-07-07
NSE:HINDPETRO,Mid,85698.052096,2026-07-07
NSE:HINDUNILVR,Large,518484.2891264,2026-07-07
NSE:HINDZINC,Large,224765.8569728,2026-07-07
NSE:HOMEFIRST,Small,12459.4069504,2026-07-07
NSE:HONASA,Small,15210.65984,2026-07-07
NSE:HONAUT,Small,33858.8434432,2026-07-07
NSE:HSCL,Small,32502.5693696,2026-07-07
NSE:HUDCO,Mid,42300.1489408,2026-07-07
NSE:HYUNDAI,Large,160972.5247488,2026-07-07
NSE:ICICIAMC,Large,160535.1636992,2026-07-07
NSE:ICICIBANK,Large,1016650.1113856,2026-07-07
NSE:ICICIGI,Mid,89280.151552,2026-07-07
NSE:ICICIPRULI,Mid,71284.3264,2026-07-07
NSE:IDBI,Mid,89363.218432,2026-07-07
NSE:IDEA,Large,149513.3847552,2026-07-07
NSE:IDFCFIRSTB,Mid,69236.6344192,2026-07-07
NSE:IEX,Small,10884.1459712,2026-07-07
NSE:IFCI,Small,19843.6241408,2026-07-07
NSE:IGIL,Small,15101.820928,2026-07-07
NSE:IGL,Small,21273.0232832,2026-07-07
NSE:IIFL,Small,22412.7598592,2026-07-07
NSE:IKS,Small,31605.489664,2026-07-07
NSE:INDGN,Small,11899.3231872,2026-07-07
NSE:INDHOTEL,Mid,106159.570944,2026-07-07
NSE:INDIACEM,Small,17587.4195456,2026-07-07
NSE:INDIAMART,Small,11510.5390592,2026-07-07
NSE:INDIANB,Mid,105918.5098752,2026-07-07
NSE:INDIGO,Large,208137.7353728,2026-07-07
NSE:INDUSINDBK,Mid,80059.7868544,2026-07-07
NSE:INDUSTOWER,Mid,100239.5860992,2026-07-07
NSE:INFY,Large,436757.856256,2026-07-07
NSE:INOXWIND,Small,14845.5636992,2026-07-07
NSE:INTELLECT,Small,10947.9141376,2026-07-07
NSE:IOB,Mid,65376.124928,2026-07-07
NSE:IOC,Large,201227.6457472,2026-07-07
NSE:IPCALAB,Mid,44928.4800512,2026-07-07
NSE:IRB,Small,24699.510784,2026-07-07
NSE:IRCON,Small,12542.717952,2026-07-07
NSE:IRCTC,Mid,40027.9994368,2026-07-07
NSE:IREDA,Small,35222.142976,2026-07-07
NSE:IRFC,Large,117250.6411008,2026-07-07
NSE:ITC,Large,361349.8540032,2026-07-07
NSE:ITCHOTELS,Mid,38860.0037376,2026-07-07
NSE:ITI,Small,28057.5049728,2026-07-07
NSE:J&KBANK,Small,18241.0870784,2026-07-07
NSE:JAINREC,Small,11832.9925632,2026-07-07
NSE:JBCHEPHARM,Mid,38834.3332864,2026-07-07
NSE:JBMA,Small,15949.1735552,2026-07-07
NSE:JINDALSAW,Small,16568.5854208,2026-07-07
NSE:JINDALSTEL,Mid,105472.8192,2026-07-07
NSE:JIOFIN,Large,160614.8161536,2026-07-07
NSE:JKCEMENT,Mid,41686.2208,2026-07-07
NSE:JKTYRE,Small,11936.6262784,2026-07-07
NSE:JMFINANCIL,Small,12490.2416384,2026-07-07
NSE:JPPOWER,Small,11972.9922048,2026-07-07
NSE:JSL,Mid,57482.8642304,2026-07-07
NSE:JSWCEMENT,Small,18279.9597568,2026-07-07
NSE:JSWDULUX,Small,14252.2957824,2026-07-07
NSE:JSWENERGY,Mid,100304.584704,2026-07-07
NSE:JSWINFRA,Mid,74629.2445184,2026-07-07
NSE:JSWSTEEL,Large,304541.9646976,2026-07-07
NSE:JUBLFOOD,Small,29595.3563648,2026-07-07
NSE:JUBLINGREA,Small,10742.0737536,2026-07-07
NSE:JUBLPHARMA,Small,15576.5866496,2026-07-07
NSE:JWL,Small,10863.755264,2026-07-07
NSE:JYOTICNC,Small,17533.1852288,2026-07-07
NSE:KAJARIACER,Small,19201.1845632,2026-07-07
NSE:KALYANKJIL,Mid,36915.3015808,2026-07-07
NSE:KARURVYSYA,Small,29095.231488,2026-07-07
NSE:KAYNES,Small,22161.6570368,2026-07-07
NSE:KEC,Small,13311.3307136,2026-07-07
NSE:KEI,Mid,48670.261248,2026-07-07
NSE:KFINTECH,Small,14964.2805248,2026-07-07
NSE:KIMS,Small,32231.1913472,2026-07-07
NSE:KIRLOSENG,Small,32855.8641152,2026-07-07
NSE:KOTAKBANK,Large,379656.6016,2026-07-07
NSE:KPIL,Small,23201.1579392,2026-07-07
NSE:KPITTECH,Small,15364.5056,2026-07-07
NSE:KPRMILL,Mid,39290.7620352,2026-07-07
NSE:LALPATHLAB,Small,28045.5872512,2026-07-07
NSE:LATENTVIEW,Small,6081.5249408,2026-07-07
NSE:LAURUSLABS,Mid,80551.215104,2026-07-07
NSE:LEMONTREE,Small,9525.9271168,2026-07-07
NSE:LENSKART,Mid,92978.3349248,2026-07-07
NSE:LGEINDIA,Mid,106913.4446592,2026-07-07
NSE:LICHSGFIN,Small,29964.681216,2026-07-07
NSE:LICI,Large,550148.2958848,2026-07-07
NSE:LINDEINDIA,Mid,60423.8708736,2026-07-07
NSE:LLOYDSME,Mid,98519.5282432,2026-07-07
NSE:LODHA,Mid,109880.6657024,2026-07-07
NSE:LT,Large,548778.3837696,2026-07-07
NSE:LTF,Mid,83087.6942336,2026-07-07
NSE:LTFOODS,Small,13237.2824064,2026-07-07
NSE:LTM,Large,114428.0973312,2026-07-07
NSE:LTTS,Small,34343.9474688,2026-07-07
NSE:LUPIN,Large,113475.977216,2026-07-07
NSE:M&M,Large,383115.2246784,2026-07-07
NSE:M&MFIN,Mid,45452.0242176,2026-07-07
NSE:MAHABANK,Mid,64186.023936,2026-07-07
NSE:MANAPPURAM,Small,32144.0841728,2026-07-07
NSE:MANKIND,Mid,104364.081152,2026-07-07
NSE:MAPMYINDIA,Small,5236.2522624,2026-07-07
NSE:MARICO,Mid,109307.9072768,2026-07-07
NSE:MARUTI,Large,456732.5999104,2026-07-07
NSE:MAXHEALTH,Mid,109966.8127744,2026-07-07
NSE:MAZDOCK,Mid,102160.0202752,2026-07-07
NSE:MCX,Mid,65860.6129152,2026-07-07
NSE:MEDANTA,Mid,35444.015104,2026-07-07
NSE:MEESHO,Mid,87727.6823552,2026-07-07
NSE:MFSL,Mid,55071.6637184,2026-07-07
NSE:MGL,Small,11284.373504,2026-07-07
NSE:MINDACORP,Small,16246.964224,2026-07-07
NSE:MMTC,Small,9749.999616,2026-07-07
NSE:MOTHERSON,Large,151533.8727424,2026-07-07
NSE:MOTILALOFS,Mid,56914.90304,2026-07-07
NSE:MPHASIS,Mid,45340.0428544,2026-07-07
NSE:MRF,Mid,58818.2913024,2026-07-07
NSE:MRPL,Small,25817.5320064,2026-07-07
NSE:MSUMI,Small,27004.1284608,2026-07-07
NSE:MUTHOOTFIN,Large,125306.339328,2026-07-07
NSE:NAM-INDIA,Mid,76204.0680448,2026-07-07
NSE:NATCOPHARM,Small,17373.6574976,2026-07-07
NSE:NATIONALUM,Mid,62684.2402816,2026-07-07
NSE:NAUKRI,Mid,74256.6199296,2026-07-07
NSE:NAVA,Small,17165.2595712,2026-07-07
NSE:NAVINFLUOR,Mid,38890.143744,2026-07-07
NSE:NBCC,Small,26565.2994048,2026-07-07
NSE:NCC,Small,9346.1241856,2026-07-07
NSE:NESTLEIND,Large,283018.6840064,2026-07-07
NSE:NETWEB,Small,24245.3446656,2026-07-07
NSE:NEULANDLAB,Small,24227.96288,2026-07-07
NSE:NEWGEN,Small,6798.241792,2026-07-07
NSE:NH,Mid,40662.6172928,2026-07-07
NSE:NHPC,Mid,79195.045888,2026-07-07
NSE:NIACL,Small,30553.9186688,2026-07-07
NSE:NIVABUPA,Small,15981.07648,2026-07-07
NSE:NLCINDIA,Mid,41959.6271616,2026-07-07
NSE:NMDC,Mid,74194.1444608,2026-07-07
NSE:NSLNISP,Small,12654.3560704,2026-07-07
NSE:NTPC,Large,344086.2298112,2026-07-07
NSE:NTPCGREEN,Mid,78364.8620544,2026-07-07
NSE:NUVAMA,Small,34890.38336,2026-07-07
NSE:NUVOCO,Small,11228.9898496,2026-07-07
NSE:NYKAA,Mid,89823.8447616,2026-07-07
NSE:OBEROIRLTY,Mid,69586.1968896,2026-07-07
NSE:OFSS,Mid,96301.7834496,2026-07-07
NSE:OIL,Mid,69033.230336,2026-07-07
NSE:OLAELEC,Small,18536.36608,2026-07-07
NSE:OLECTRA,Small,11653.8236928,2026-07-07
NSE:ONESOURCE,Small,18468.2921984,2026-07-07
NSE:ONGC,Large,305977.5438848,2026-07-07
NSE:PAGEIND,Mid,46879.7325312,2026-07-07
NSE:PARADEEP,Small,14502.2058496,2026-07-07
NSE:PATANJALI,Mid,45000.1436672,2026-07-07
NSE:PAYTM,Mid,79361.5859712,2026-07-07
NSE:PCBL,Small,12335.0523904,2026-07-07
NSE:PERSISTENT,Mid,75818.92608,2026-07-07
NSE:PETRONET,Mid,41647.5021312,2026-07-07
NSE:PFC,Large,137515.237376,2026-07-07
NSE:PFIZER,Small,20609.3533184,2026-07-07
NSE:PGEL,Small,16717.0834432,2026-07-07
NSE:PHOENIXLTD,Mid,74070.9236736,2026-07-07
NSE:PIDILITIND,Large,164574.2784512,2026-07-07
NSE:PIIND,Mid,40140.6754816,2026-07-07
NSE:PINELABS,Small,17192.484864,2026-07-07
NSE:PIRAMALFIN,Mid,48505.176064,2026-07-07
NSE:PNB,Large,119216.3016704,2026-07-07
NSE:PNBHOUSING,Small,28703.9782912,2026-07-07
NSE:POLICYBZR,Mid,73922.1045248,2026-07-07
NSE:POLYCAB,Large,142823.6140544,2026-07-07
NSE:POLYMED,Small,17068.8512,2026-07-07
NSE:POONAWALLA,Mid,41423.5066368,2026-07-07
NSE:POWERGRID,Large,266369.2894208,2026-07-07
NSE:POWERINDIA,Large,143322.4347648,2026-07-07
NSE:PPLPHARMA,Small,23258.2479872,2026-07-07
NSE:PREMIERENE,Mid,46686.6241536,2026-07-07
NSE:PRESTIGE,Mid,72104.2407424,2026-07-07
NSE:PTCIL,Small,26199.4790912,2026-07-07
NSE:PVRINOX,Small,9869.0957312,2026-07-07
NSE:PWL,Mid,40087.1686144,2026-07-07
NSE:RADICO,Mid,54834.1743616,2026-07-07
NSE:RAILTEL,Small,9884.9030144,2026-07-07
NSE:RAINBOW,Small,14380.1925632,2026-07-07
NSE:RAMCOCEM,Small,22030.7193856,2026-07-07
NSE:RBLBANK,Mid,57343.1021568,2026-07-07
NSE:RECLTD,Mid,94229.921792,2026-07-07
NSE:REDINGTON,Small,21377.622016,2026-07-07
NSE:RELIANCE,Large,1779520.0843776,2026-07-07
NSE:RHIM,Small,7943.0770688,2026-07-07
NSE:RITES,Small,11582.070784,2026-07-07
NSE:RKFORGE,Small,10347.1497216,2026-07-07
NSE:RPOWER,Small,10314.612736,2026-07-07
NSE:RRKABEL,Small,25032.5090304,2026-07-07
NSE:RVNL,Mid,48382.8924416,2026-07-07
NSE:SAGILITY,Small,18758.0841984,2026-07-07
NSE:SAIL,Mid,68376.7103488,2026-07-07
NSE:SAILIFE,Small,25992.3001344,2026-07-07
NSE:SAMMAANCAP,Small,19533.4209536,2026-07-07
NSE:SAPPHIRE,Small,6005.612544,2026-07-07
NSE:SARDAEN,Small,17522.1587968,2026-07-07
NSE:SAREGAMA,Small,8933.7946112,2026-07-07
NSE:SBFC,Small,10250.4103936,2026-07-07
NSE:SBICARD,Mid,57215.8246912,2026-07-07
NSE:SBILIFE,Large,183763.5600384,2026-07-07
NSE:SBIN,Large,960815.0122496,2026-07-07
NSE:SCHAEFFLER,Mid,64592.4913152,2026-07-07
NSE:SCHNEIDER,Small,35301.3202944,2026-07-07
NSE:SCI,Small,13475.5647488,2026-07-07
NSE:SHREECEM,Mid,96407.7617152,2026-07-07
NSE:SHRIRAMFIN,Large,252185.4640128,2026-07-07
NSE:SHYAMMETL,Small,26755.5323904,2026-07-07
NSE:SIEMENS,Large,124464.1230848,2026-07-07
NSE:SIGNATURE,Small,10950.2971904,2026-07-07
NSE:SJVN,Small,28039.08608,2026-07-07
NSE:SOBHA,Small,15493.3313536,2026-07-07
NSE:SOLARINDS,Large,162981.6356864,2026-07-07
NSE:SONACOMS,Mid,41530.1566464,2026-07-07
NSE:SONATSOFTW,Small,7693.5028736,2026-07-07
NSE:SPLPETRO,Small,13801.2950528,2026-07-07
NSE:SRF,Mid,83076.677632,2026-07-07
NSE:STARHEALTH,Small,34589.2978688,2026-07-07
NSE:SUMICHEM,Small,23739.3707008,2026-07-07
NSE:SUNDARMFIN,Mid,51697.6279552,2026-07-07
NSE:SUNPHARMA,Large,457937.0467328,2026-07-07
NSE:SUNTV,Small,20049.0549248,2026-07-07
NSE:SUPREMEIND,Mid,40779.2746496,2026-07-07
NSE:SUZLON,Mid,74899.0431232,2026-07-07
NSE:SWANCORP,Small,10268.848128,2026-07-07
NSE:SWIGGY,Mid,68458.4534016,2026-07-07
NSE:SYNGENE,Small,17041.219584,2026-07-07
NSE:SYRMA,Small,26308.7194112,2026-07-07
NSE:TARIL,Small,10061.5585792,2026-07-07
NSE:TATACAP,Large,148870.332416,2026-07-07
NSE:TATACHEM,Small,17950.1268992,2026-07-07
NSE:TATACOMM,Mid,54555.0532608,2026-07-07
NSE:TATACONSUM,Mid,110009.71264,2026-07-07
NSE:TATAELXSI,Small,23127.465984,2026-07-07
NSE:TATAINVEST,Small,33815.363584,2026-07-07
NSE:TATAPOWER,Large,120464.3037184,2026-07-07
NSE:TATASTEEL,Large,236092.0768512,2026-07-07
NSE:TATATECH,Small,29753.4488576,2026-07-07
NSE:TBOTEK,Small,15979.1562752,2026-07-07
NSE:TCS,Large,758423.486464,2026-07-07
NSE:TECHM,Large,127912.7453696,2026-07-07
NSE:TECHNOE,Small,12641.7641472,2026-07-07
NSE:TEGA,Small,12209.0020864,2026-07-07
NSE:TEJASNET,Small,9676.5059072,2026-07-07
NSE:TENNIND,Small,24042.7106304,2026-07-07
NSE:THELEELA,Small,16297.1451392,2026-07-07
NSE:THERMAX,Mid,53384.2067456,2026-07-07
NSE:TIINDIA,Mid,57160.7220224,2026-07-07
NSE:TIMKEN,Small,24573.2081664,2026-07-07
NSE:TITAGARH,Small,11484.9783808,2026-07-07
NSE:TITAN,Large,407242.4603648,2026-07-07
NSE:TMCV,Large,155842.9302784,2026-07-07
NSE:TMPV,Large,126441.488384,2026-07-07
NSE:TORNTPHARM,Large,164237.4234112,2026-07-07
NSE:TORNTPOWER,Mid,70491.0721024,2026-07-07
NSE:TRAVELFOOD,Small,17675.337728,2026-07-07
NSE:TRENT,Large,156343.7039616,2026-07-07
NSE:TRIDENT,Small,13146.6067968,2026-07-07
NSE:TRITURBINE,Small,20175.2051712,2026-07-07
NSE:TTML,Small,8126.6343936,2026-07-07
NSE:TVSMOTOR,Large,176817.4256128,2026-07-07
NSE:UBL,Mid,35959.1018496,2026-07-07
NSE:UCOBANK,Small,33004.1196544,2026-07-07
NSE:ULTRACEMCO,Large,343560.7097344,2026-07-07
NSE:UNIONBANK,Large,122748.3774976,2026-07-07
NSE:UNITDSPR,Mid,104127.4830848,2026-07-07
NSE:UNOMINDA,Mid,64676.3249664,2026-07-07
NSE:UPL,Mid,51080.5213184,2026-07-07
NSE:URBANCO,Small,20090.3606272,2026-07-07
NSE:USHAMART,Small,15504.6281216,2026-07-07
NSE:UTIAMC,Small,12566.564864,2026-07-07
NSE:VBL,Large,164015.7151232,2026-07-07
NSE:VEDL,Mid,107499.1857664,2026-07-07
NSE:VIJAYA,Small,13741.8579968,2026-07-07
NSE:VMM,Mid,54806.4100352,2026-07-07
NSE:VOLTAS,Mid,42353.246208,2026-07-07
NSE:VTL,Small,18728.1031168,2026-07-07
NSE:WAAREEENER,Mid,81862.688768,2026-07-07
NSE:WELCORP,Mid,40520.74496,2026-07-07
NSE:WELSPUNLIV,Small,16004.5645824,2026-07-07
NSE:WHIRLPOOL,Small,10173.2999168,2026-07-07
NSE:WIPRO,Large,172530.0604928,2026-07-07
NSE:WOCKPHARMA,Small,30321.0397696,2026-07-07
NSE:YESBANK,Mid,75108.5223936,2026-07-07
NSE:ZEEL,Small,9838.600192,2026-07-07
NSE:ZENSARTECH,Small,10692.5203456,2026-07-07
NSE:ZENTEC,Small,16618.7614208,2026-07-07
NSE:ZFCVINDIA,Small,27006.0453888,2026-07-07
NSE:ZYDUSLIFE,Large,114752.8413184,2026-07-07
NSE:ZYDUSWELL,Small,18807.8686208,2026-07-07
NSE:AARTIDRUGS,Small,3518.0023808,2026-07-07
NSE:AARTIPHARM,Small,6329.9043328,2026-07-07
NSE:ACI,Small,6483.4179072,2026-07-07
NSE:ADVENZYMES,Small,3563.0813184,2026-07-07
NSE:AEQUS,Small,15886.106624,2026-07-07
NSE:AETHER,Small,17665.3713408,2026-07-07
NSE:AGARWALEYE,Small,15044.0148992,2026-07-07
NSE:AHLUCONT,Small,5743.8482432,2026-07-07
NSE:AKUMS,Small,9990.6748416,2026-07-07
NSE:ALIVUS,Small,13938.2915072,2026-07-07
NSE:ALKYLAMINE,Small,9030.8796416,2026-07-07
NSE:ALOKINDS,Small,6320.750592,2026-07-07
NSE:ANUP,Small,4531.3179648,2026-07-07
NSE:APLLTD,Small,16352.0872448,2026-07-07
NSE:APOLLO,Small,14982.8927488,2026-07-07
NSE:ARVIND,Small,14141.0844672,2026-07-07
NSE:ARVINDFASN,Small,6239.014912,2026-07-07
NSE:ASHAPURMIN,Small,5983.7550592,2026-07-07
NSE:ASHOKA,Small,3601.6791552,2026-07-07
NSE:ASKAUTOLTD,Small,9142.4874496,2026-07-07
NSE:ASTRAMICRO,Small,16957.177856,2026-07-07
NSE:ATLANTAELE,Small,12551.0664192,2026-07-07
NSE:AURIONPRO,Small,4695.3586688,2026-07-07
NSE:AVALON,Small,10965.1451904,2026-07-07
NSE:AVANTIFEED,Small,12917.4478848,2026-07-07
NSE:AVL,Small,8363.6256768,2026-07-07
NSE:AWFIS,Small,2142.2440448,2026-07-07
NSE:AXISCADES,Small,6497.8845696,2026-07-07
NSE:AZAD,Small,14760.157184,2026-07-07
NSE:BAJAJELEC,Small,3871.4273792,2026-07-07
NSE:BALAMINES,Small,6710.8950016,2026-07-07
NSE:BALUFORGE,Small,5224.0822272,2026-07-07
NSE:BANCOINDIA,Small,9714.3783424,2026-07-07
NSE:BBOX,Small,16827.5247104,2026-07-07
NSE:BECTORFOOD,Small,5304.1836032,2026-07-07
NSE:BIRLACORPN,Small,7401.3687808,2026-07-07
NSE:BLACKBUCK,Small,10299.936768,2026-07-07
NSE:BLUESTONE,Small,9013.8034176,2026-07-07
NSE:BORORENEW,Small,8495.5496448,2026-07-07
NSE:CAMPUS,Small,7070.076928,2026-07-07
NSE:CAPILLARY,Small,4078.1049856,2026-07-07
NSE:CCAVENUE,Small,5809.8221056,2026-07-07
NSE:CELLO,Small,8066.7222016,2026-07-07
NSE:CENTURYPLY,Small,17066.2182912,2026-07-07
NSE:CERA,Small,8303.0695936,2026-07-07
NSE:CMSINFO,Small,4257.6867328,2026-07-07
NSE:CORONA,Small,12075.1415296,2026-07-07
NSE:CRAMC,Small,4990.0220416,2026-07-07
NSE:CRIZAC,Small,3502.624768,2026-07-07
NSE:CSBBANK,Small,5934.2573568,2026-07-07
NSE:CUPID,Small,29676.6636032,2026-07-07
NSE:DATAMATICS,Small,5084.626944,2026-07-07
NSE:DBL,Small,6951.0144,2026-07-07
NSE:DCBBANK,Small,5997.40416,2026-07-07
NSE:DIACABS,Small,11936.4214784,2026-07-07
NSE:DYNAMATECH,Small,7167.688704,2026-07-07
NSE:EDELWEISS,Small,11517.3974016,2026-07-07
NSE:EIEL,Small,4057.9022848,2026-07-07
NSE:ELECTCAST,Small,4745.1848704,2026-07-07
NSE:ELLEN,Small,3664.3254272,2026-07-07
NSE:EMBDL,Small,8604.3066368,2026-07-07
NSE:EMIL,Small,5177.5643648,2026-07-07
NSE:ENTERO,Small,5266.2919168,2026-07-07
NSE:EPL,Small,7732.6262272,2026-07-07
NSE:EQUITASBNK,Small,9016.1905664,2026-07-07
NSE:ETHOSLTD,Small,6649.0187776,2026-07-07
NSE:EUREKAFORB,Small,8872.2874368,2026-07-07
NSE:FEDFINA,Small,5705.6956416,2026-07-07
NSE:FIEMIND,Small,5895.6038144,2026-07-07
NSE:FINPIPE,Small,10558.947328,2026-07-07
NSE:GAEL,Small,7384.5972992,2026-07-07
NSE:GHCL,Small,3905.3611008,2026-07-07
NSE:GMMPFAUDLR,Small,3440.3516416,2026-07-07
NSE:GMRP&UI,Small,7857.0364928,2026-07-07
NSE:GNFC,Small,7552.7512064,2026-07-07
NSE:GODREJAGRO,Small,10843.3317888,2026-07-07
NSE:GOKEX,Small,6078.7802112,2026-07-07
NSE:GOKULAGRO,Small,6073.475072,2026-07-07
NSE:GPPL,Small,7534.4060416,2026-07-07
NSE:GREAVESCOT,Small,5151.488,2026-07-07
NSE:GRWRHITECH,Small,16051.2606208,2026-07-07
NSE:GSFC,Small,6415.4882048,2026-07-07
NSE:HAPPSTMNDS,Small,5244.141568,2026-07-07
NSE:HCC,Small,6205.519872,2026-07-07
NSE:HCG,Small,9639.6976128,2026-07-07
NSE:HEMIPROP,Small,3942.1345792,2026-07-07
NSE:HERITGFOOD,Small,3070.155776,2026-07-07
NSE:HGINFRA,Small,3659.0321664,2026-07-07
NSE:ICIL,Small,8400.4749312,2026-07-07
NSE:IFBIND,Small,5172.629504,2026-07-07
NSE:IIFLCAPS,Small,10618.1378048,2026-07-07
NSE:IMFA,Small,7380.9215488,2026-07-07
NSE:INDIAGLYCO,Small,7211.7444608,2026-07-07
NSE:INDIASHLTR,Small,8425.3425664,2026-07-07
NSE:INDIGOPNTS,Small,5230.0201984,2026-07-07
NSE:INOXGREEN,Small,8045.899776,2026-07-07
NSE:INOXINDIA,Small,16387.350528,2026-07-07
NSE:IONEXCHANG,Small,4951.6384256,2026-07-07
NSE:IXIGO,Small,9343.6526592,2026-07-07
NSE:JAMNAAUTO,Small,5429.3983232,2026-07-07
NSE:JAYNECOIND,Small,8547.6974592,2026-07-07
NSE:JKLAKSHMI,Small,7125.8898432,2026-07-07
NSE:JKPAPER,Small,6527.475712,2026-07-07
NSE:JLHL,Small,9572.6395392,2026-07-07
NSE:JSFB,Small,4852.8289792,2026-07-07
NSE:JSLL,Small,6916.0927232,2026-07-07
NSE:JUSTDIAL,Small,4730.8525568,2026-07-07
NSE:JYOTHYLAB,Small,7035.830272,2026-07-07
NSE:KANSAINER,Small,16876.2540032,2026-07-07
NSE:KIRLOSBROS,Small,14427.0147584,2026-07-07
NSE:KIRLPNU,Small,11443.2663552,2026-07-07
NSE:KITEX,Small,3098.2350848,2026-07-07
NSE:KNRCON,Small,3580.9599488,2026-07-07
NSE:KPIGREEN,Small,7891.0652416,2026-07-07
NSE:KRBL,Small,8438.0254208,2026-07-07
NSE:KSB,Small,16150.839296,2026-07-07
NSE:KSCL,Small,4622.2610432,2026-07-07
NSE:KTKBANK,Small,10004.7929344,2026-07-07
NSE:LLOYDSENGG,Small,12247.3742336,2026-07-07
NSE:LLOYDSENT,Small,11311.7495296,2026-07-07
NSE:LOTUSDEV,Small,7131.4563072,2026-07-07
NSE:LUMAXTECH,Small,10180.03456,2026-07-07
NSE:LXCHEM,Small,4269.889536,2026-07-07
NSE:MAHSCOOTER,Small,14900.5664256,2026-07-07
NSE:MAHSEAMLES,Small,8015.835136,2026-07-07
NSE:MANORAMA,Small,9589.5535616,2026-07-07
NSE:MANYAVAR,Small,9682.6433536,2026-07-07
NSE:MARKSANS,Small,11854.7636224,2026-07-07
NSE:MASTEK,Small,5059.6376576,2026-07-07
NSE:MEDPLUS,Small,9835.0268416,2026-07-07
NSE:METROPOLIS,Small,11764.0167424,2026-07-07
NSE:MIDHANI,Small,7820.5083648,2026-07-07
NSE:MOIL,Small,5660.9591296,2026-07-07
NSE:MSTCLTD,Small,4872.3836928,2026-07-07
NSE:NAZARA,Small,11113.9504128,2026-07-07
NSE:NEOGEN,Small,5385.701376,2026-07-07
NSE:NESCO,Small,7997.9102208,2026-07-07
NSE:NETWORK18,Small,4928.4599808,2026-07-07
NSE:NFL,Small,3641.5635456,2026-07-07
NSE:OPTIEMUS,Small,4616.251392,2026-07-07
NSE:ORIENTCEM,Small,2860.8233472,2026-07-07
NSE:ORKLAINDIA,Small,8211.8197248,2026-07-07
NSE:OSWALPUMPS,Small,4864.5890048,2026-07-07
NSE:PARAS,Small,10415.9125504,2026-07-07
NSE:PARKHOSPS,Small,12275.4760704,2026-07-07
NSE:PCJEWELLER,Small,8923.9805952,2026-07-07
NSE:PGIL,Small,9005.9022336,2026-07-07
NSE:PICCADIL,Small,6478.4748544,2026-07-07
NSE:PNCINFRA,Small,6131.286016,2026-07-07
NSE:PNGJL,Small,7854.7984384,2026-07-07
NSE:POWERMECH,Small,8188.3029504,2026-07-07
NSE:PRAJIND,Small,6644.8433152,2026-07-07
NSE:PRICOLLTD,Small,7616.3751936,2026-07-07
NSE:PRIVISCL,Small,13916.479488,2026-07-07
NSE:PRSMJOHNSN,Small,5789.104128,2026-07-07
NSE:PRUDENT,Small,12378.1128192,2026-07-07
NSE:PTC,Small,5120.944128,2026-07-07
NSE:PURVA,Small,5166.542848,2026-07-07
NSE:QUESS,Small,4496.478208,2026-07-07
NSE:RAIN,Small,6596.0747008,2026-07-07
NSE:RALLIS,Small,4440.8918016,2026-07-07
NSE:RATEGAIN,Small,11133.9307008,2026-07-07
NSE:RATNAMANI,Small,18177.6580608,2026-07-07
NSE:RAYMONDLSL,Small,4607.2184832,2026-07-07
NSE:RBA,Small,5215.475712,2026-07-07
NSE:RCF,Small,7097.4676992,2026-07-07
NSE:REDTAPE,Small,7532.556288,2026-07-07
NSE:REFEX,Small,4711.430144,2026-07-07
NSE:RELAXO,Small,9758.3931392,2026-07-07
NSE:RELIGARE,Small,9022.2198784,2026-07-07
NSE:RENUKA,Small,4852.9563648,2026-07-07
NSE:ROUTE,Small,3496.6708224,2026-07-07
NSE:RTNINDIA,Small,4518.2644224,2026-07-07
NSE:RTNPOWER,Small,4774.0243968,2026-07-07
NSE:RUBICON,Small,22144.0884736,2026-07-07
NSE:SAATVIKGL,Small,5363.8311936,2026-07-07
NSE:SAFARI,Small,7893.1836928,2026-07-07
NSE:SAMHI,Small,3878.9165056,2026-07-07
NSE:SANDUMA,Small,10007.9255552,2026-07-07
NSE:SANOFICONR,Small,10570.6881024,2026-07-07
NSE:SANSERA,Small,20009.7038336,2026-07-07
NSE:SENCO,Small,5310.8297728,2026-07-07
NSE:SFL,Small,8190.2485504,2026-07-07
NSE:SHAILY,Small,12891.5480576,2026-07-07
NSE:SHAKTIPUMP,Small,7310.712832,2026-07-07
NSE:SHARDACROP,Small,8231.7180928,2026-07-07
NSE:SHAREINDIA,Small,3451.0974976,2026-07-07
NSE:SHILPAMED,Small,11662.5440768,2026-07-07
NSE:SHRIPISTON,Small,18714.5682944,2026-07-07
NSE:SKFINDIA,Small,7807.737856,2026-07-07
NSE:SKFINDUS,Small,14192.6514688,2026-07-07
NSE:SKIPPER,Small,6178.6730496,2026-07-07
NSE:SKYGOLD,Small,8788.3186176,2026-07-07
NSE:SMARTWORKS,Small,5314.3293952,2026-07-07
NSE:SMLMAH,Small,5585.620992,2026-07-07
NSE:SOUTHBANK,Small,12475.0856192,2026-07-07
NSE:SPARC,Small,8416.4681728,2026-07-07
NSE:STAR,Small,10325.1869696,2026-07-07
NSE:STARCEMENT,Small,8291.356672,2026-07-07
NSE:STYL,Small,5507.0613504,2026-07-07
NSE:STYRENIX,Small,3976.7646208,2026-07-07
NSE:SUBROS,Small,5351.9413248,2026-07-07
NSE:SUDARSCHEM,Small,7411.863552,2026-07-07
NSE:SUDEEPPHRM,Small,9116.0829952,2026-07-07
NSE:SUNTECK,Small,4809.8107392,2026-07-07
NSE:SUPRIYA,Small,6812.8690176,2026-07-07
NSE:SURYAROSNI,Small,5712.3176448,2026-07-07
NSE:SWSOLAR,Small,5613.1674112,2026-07-07
NSE:TANLA,Small,7251.0431232,2026-07-07
NSE:TARC,Small,3867.2371712,2026-07-07
NSE:TDPOWERSYS,Small,17735.0508544,2026-07-07
NSE:TEXRAIL,Small,4826.2279168,2026-07-07
NSE:THANGAMAYL,Small,19834.9914112,2026-07-07
NSE:THOMASCOOK,Small,5027.6552704,2026-07-07
NSE:THYROCARE,Small,8427.6117504,2026-07-07
NSE:TI,Small,11105.3848576,2026-07-07
NSE:TIMETECHNO,Small,8651.4532352,2026-07-07
NSE:TIPSMUSIC,Small,8690.630656,2026-07-07
NSE:TMB,Small,12285.6972288,2026-07-07
NSE:TRANSRAILL,Small,6851.7568512,2026-07-07
NSE:TRIVENI,Small,10004.4808192,2026-07-07
NSE:TSFINV,Small,10202.5838592,2026-07-07
NSE:TVSSCS,Small,6092.6963712,2026-07-07
NSE:UJJIVANSFB,Small,12029.4621184,2026-07-07
NSE:UTLSOLAR,Small,10477.6261632,2026-07-07
NSE:V2RETAIL,Small,8327.9568896,2026-07-07
NSE:VAIBHAVGBL,Small,3899.9175168,2026-07-07
NSE:VARROC,Small,9955.6401152,2026-07-07
NSE:VGUARD,Small,13289.7562624,2026-07-07
NSE:VIKRAMSOLR,Small,6630.7227648,2026-07-07
NSE:VIPIND,Small,4265.8164736,2026-07-07
NSE:VIYASH,Small,12194.7824128,2026-07-07
NSE:VMART,Small,6229.8017792,2026-07-07
NSE:VOLTAMP,Small,9834.852352,2026-07-07
NSE:WAAREERTL,Small,10500.317184,2026-07-07
NSE:WABAG,Small,13440.5718016,2026-07-07
NSE:WAKEFIT,Small,4122.0980736,2026-07-07
NSE:WEBELSOLAR,Small,4423.6914688,2026-07-07
NSE:WELENT,Small,8215.4840064,2026-07-07
NSE:WESTLIFE,Small,7685.5083008,2026-07-07
NSE:WEWORK,Small,10209.9443712,2026-07-07
NSE:YATHARTH,Small,7986.8133376,2026-07-07
NSE:ZAGGLE,Small,2761.565184,2026-07-07
