Symbol,Units,EntryDate,EntryRank,CurrentPrice,MarketValue,Weight,DaysHeld,Sector,MCapCategory
NSE:ABSLAMC,303.885020353032,2026-04-01,53.0,955.9000244140625,290483.6983745312,0.027776616970740214,181,Financial Services,Small
NSE:ACMESOLAR,930.3237608108385,2026-07-01,36.5,437.95001220703125,407435.3024035979,0.038959757117353985,90,Power,Small
NSE:ACUTAAS,99.96059656265241,2026-02-02,34.0,3304.10009765625,330279.81686443684,0.031581999325763346,239,Healthcare,Small
NSE:ADANIENSOL,237.6024601138269,2026-05-01,21.75,1305.800048828125,310261.3040183178,0.02966779014031859,151,Power,Large
NSE:ADANIGREEN,237.47508806464688,2026-06-01,35.5,1260.0,299218.6109614551,0.028611866324000156,120,Power,Large
NSE:ADANIPOWER,1583.591670236266,2026-04-01,18.25,196.3000030517578,310859.04970011726,0.029724947746553175,181,Power,Large
NSE:ANANDRATHI,177.71329729919898,2026-07-01,12.5,2100.60009765625,373304.5696615116,0.03569610998117185,90,Financial Services,Small
NSE:APARINDS,22.358528286617627,2026-04-01,13.0,17803.0,398048.87908665364,0.038062209039238334,181,Capital Goods,Mid
NSE:BHEL,851.6229502924989,2026-05-01,16.75,413.3500061035156,352018.3517012984,0.03366068036379552,151,Capital Goods,Large
NSE:BSE,91.80720561940848,2026-05-01,32.25,3200.0,293783.05798210716,0.028092108162091713,151,Financial Services,Large
NSE:CEMPRO,271.3949054655029,2026-07-01,32.5,1223.300048828125,331997.4011076541,0.03174623807618476,90,Construction,Small
NSE:CGPOWER,369.8959444828839,2026-07-01,37.0,858.0499877929688,317389.21064820717,0.03034937445423889,90,Capital Goods,Large
NSE:CUMMINSIND,62.2230579130119,2026-05-01,50.0,4800.0,298670.6779824571,0.028559471905420287,151,Capital Goods,Large
NSE:DATAPATTNS,78.40350012200349,2026-04-01,46.25,4221.60009765625,330988.22377164173,0.03164973857388971,181,Capital Goods,Small
NSE:FEDERALBNK,1077.083023752592,2026-07-01,21.0,320.20001220703125,344881.9973535661,0.03297828826264271,90,Financial Services,Mid
NSE:GVT&D,71.1995810356847,2026-02-02,44.75,4130.2998046875,294075.61564552033,0.028120083095638602,239,Capital Goods,Large
NSE:HFCL,1655.8893215635644,2026-05-01,2.0,216.2100067138672,358019.84133267927,0.03423455449056253,151,Telecommunication,Small
NSE:HSCL,522.1162640947595,2026-07-01,26.75,667.5999755859375,348564.8051626823,0.03333044551781087,90,Chemicals,Small
NSE:IDEA,24506.245773151015,2026-06-01,33.25,13.5600004196167,332304.7029671577,0.03177562287847691,120,Telecommunication,Large
NSE:J&KBANK,2281.6323506856884,2026-07-01,35.5,138.52000427246094,316051.7229651667,0.030221481277159474,90,Financial Services,Small
NSE:LAURUSLABS,232.3674195505592,2026-06-01,7.5,1979.0,459855.12329055666,0.04397224248090278,120,Healthcare,Mid
NSE:LLOYDSME,195.08935809936082,2026-06-01,54.25,1902.199951171875,371098.9674507566,0.03548520600225401,120,Metals & Mining,Mid
NSE:MAHABANK,3862.237763646897,2026-07-01,12.0,79.16000366210938,305734.75551422546,0.029234952756667758,90,Financial Services,Mid
NSE:POLYCAB,35.508824571832534,2026-07-01,27.75,8102.5,287710.2510932731,0.02751141454027295,90,Capital Goods,Large
NSE:POWERINDIA,10.13761449905887,2026-04-01,23.5,30735.0,311579.58162857435,0.02979384641282579,181,Capital Goods,Large
NSE:RRKABEL,146.42988215479454,2026-06-01,9.0,2523.199951171875,369471.871503081,0.03532961991888296,120,Capital Goods,Small
NSE:SCHNEIDER,255.72658389352125,2026-05-01,37.5,1192.699951171875,305005.0841231532,0.0291651801571803,151,Capital Goods,Small
NSE:STARHEALTH,601.6814797009223,2026-07-01,26.75,538.0999755859375,323764.789537577,0.030959019724413166,90,Financial Services,Small
NSE:SYRMA,252.15989646488853,2026-06-01,7.75,1692.5999755859375,426805.8346002229,0.040812005131117976,120,Capital Goods,Small
NSE:WELCORP,231.59291580205652,2026-05-01,7.5,2842.0,658187.0667094446,0.06293712917243076,151,Capital Goods,Mid
