Action,Symbol,AvgRank,Reason
SELL,NSE:ABSLAMC,,below 200DEMA
SELL,NSE:ACMESOLAR,,no longer rankable (missing recent price data)
SELL,NSE:ACUTAAS,,no longer rankable (missing recent price data)
SELL,NSE:ADANIENSOL,,below 200DEMA
SELL,NSE:ADANIGREEN,,below 200DEMA
SELL,NSE:ADANIPOWER,,below 200DEMA
SELL,NSE:ANANDRATHI,,no longer rankable (missing recent price data)
SELL,NSE:APARINDS,,no longer rankable (missing recent price data)
SELL,NSE:BSE,,below 200DEMA
SELL,NSE:CEMPRO,,no longer rankable (missing recent price data)
SELL,NSE:CGPOWER,,below 200DEMA
SELL,NSE:CUMMINSIND,,below 200DEMA
SELL,NSE:DATAPATTNS,,no longer rankable (missing recent price data)
SELL,NSE:FEDERALBNK,,no longer rankable (missing recent price data)
SELL,NSE:GVT&D,,below 200DEMA
SELL,NSE:HFCL,,no longer rankable (missing recent price data)
SELL,NSE:IDEA,,below 200DEMA
SELL,NSE:J&KBANK,,below 200DEMA
SELL,NSE:LLOYDSME,,no longer rankable (missing recent price data)
SELL,NSE:MAHABANK,,below 200DEMA
SELL,NSE:POLYCAB,,below 200DEMA
SELL,NSE:POWERINDIA,,below 200DEMA
SELL,NSE:SCHNEIDER,,below 200DEMA
SELL,NSE:STARHEALTH,,no longer rankable (missing recent price data)
HOLD,NSE:BHEL,10.75,"still eligible, rank within hold band"
HOLD,NSE:HSCL,15.0,"still eligible, rank within hold band"
HOLD,NSE:LAURUSLABS,2.25,"still eligible, rank within hold band"
HOLD,NSE:RRKABEL,3.75,"still eligible, rank within hold band"
HOLD,NSE:SYRMA,2.75,"still eligible, rank within hold band"
HOLD,NSE:WELCORP,3.0,"still eligible, rank within hold band"
BUY,NSE:CGCL,14.0,rank 14.00 among best available
BUY,NSE:LALPATHLAB,14.5,rank 14.50 among best available
BUY,NSE:RBLBANK,14.75,rank 14.75 among best available
BUY,NSE:MOTHERSON,15.5,rank 15.50 among best available
BUY,NSE:ZYDUSLIFE,15.5,rank 15.50 among best available
BUY,NSE:FINCABLES,15.75,rank 15.75 among best available
BUY,NSE:OFSS,18.0,rank 18.00 among best available
BUY,NSE:MCX,18.0,rank 18.00 among best available
BUY,NSE:SHYAMMETL,20.0,rank 20.00 among best available
BUY,NSE:BAJAJ-AUTO,22.25,rank 22.25 among best available
BUY,NSE:WOCKPHARMA,22.5,rank 22.50 among best available
BUY,NSE:REDINGTON,22.75,rank 22.75 among best available
BUY,NSE:JSWINFRA,24.25,rank 24.25 among best available
BUY,NSE:GESHIP,24.5,rank 24.50 among best available
BUY,NSE:ADANIPORTS,26.5,rank 26.50 among best available
BUY,NSE:JINDALSAW,28.0,rank 28.00 among best available
BUY,NSE:KARURVYSYA,28.5,rank 28.50 among best available
BUY,NSE:CARTRADE,29.25,rank 29.25 among best available
BUY,NSE:ADANIENT,29.5,rank 29.50 among best available
BUY,NSE:ENGINERSIN,31.0,rank 31.00 among best available
BUY,NSE:CUB,31.0,rank 31.00 among best available
BUY,NSE:NETWEB,31.5,rank 31.50 among best available
BUY,NSE:TVSMOTOR,32.75,rank 32.75 among best available
BUY,NSE:TBOTEK,35.0,rank 35.00 among best available
