SectorName,Weight
Automobile and Auto Components,0.1592466294885047
Capital Goods,0.1365491358834049
Healthcare,0.13269247670588272
Information Technology,0.10330389078867272
Oil Gas & Consumable Fuels,0.06811222242671869
Financial Services,0.06765134071499918
Consumer Durables,0.06714152422889491
Services,0.06594851692736184
Metals & Mining,0.06326045699695013
Consumer Services,0.03476874950222089
Fast Moving Consumer Goods,0.034690161217318896
Telecommunication,0.034163818691463885
Realty,0.03247107642760634
